Key,Nitrification (nM/day),Denit from NO2- (nM/day),Denit from NO3- (nM/day),Hybrid2 (nM/day),Station,Feature,iteration,cost,f,weightNH4,weightNO2,weightNO3
PS2Deep ODZ core,1.1287405477796373e-05,0.005124429480362198,0.21946280188063147,0.0017696497545142116,PS2,Deep ODZ core,0,4.737056076174213,0.0,0.3333333333333333,0.3333333333333333,0.3333333333333333
