Key,Nitrification (nM/day),Denit from NO2- (nM/day),Denit from NO3- (nM/day),Hybrid2 (nM/day),Station,Feature,iteration,cost,f,weightNH4,weightNO2,weightNO3
PS3SCM,0.009203696,0.495781417,1.785109917,0.132943783,PS3,SCM,0,71.02152357,0.001820482,0.333333333,0.333333333,0.333333333
PS2Deep ODZ core,0.0,0.004695227,0.153257854,0.000240954,PS2,Deep ODZ core,0,4.60195455,0.0,0.45,0.1,0.45
PS2Deep ODZ core,0.0,0.00505373,0.208078536,0.009387202,PS2,Deep ODZ core,1,3.978576032,0.454188251,0.45,0.1,0.45
PS2Deep ODZ core,6.283341099663889e-05,0.0046338033259029,0.1906146876600807,0.0039555326855711,PS2,Deep ODZ core,0,4.861610830924676,0.2102255038508154,0.45,0.1,0.45
PS2Deep ODZ core,4.562073186247028e-05,0.005077176263234894,0.16374197056871911,6.48950308846155e-06,PS2,Deep ODZ core,1,4.293516716340591,0.0,0.45,0.1,0.45
