Key,Nitrification (nM/day),Denit from NO2- (nM/day),Denit from NO3- (nM/day),Hybrid2 (nM/day),Station,Feature,iteration,cost,f,weightNH4,weightNO2,weightNO3
PS2Deep ODZ core,0.0,0.004594372163309297,0.18990146239391095,0.002031184345222104,PS2,Deep ODZ core,0,4.644815388962673,0.0,0.45,0.1,0.45
PS2Deep ODZ core,0.0,0.0049471441317965326,0.22006796170691234,0.004832680404504228,PS2,Deep ODZ core,1,4.1267783204100486,0.3294659979171727,0.45,0.1,0.45
PS2Deep ODZ core,0.0,0.004816911020888041,0.2240843070943892,0.004165253631587846,PS2,Deep ODZ core,2,4.339370696215031,0.309818818141119,0.45,0.1,0.45
