Key,Station,weightNH4,Denit from NO3- (nM/day),Feature,Denit fromNO2- (nM/day),cost,Hybrid2 (nM/day),f,weightNO3,weightNO2,Nitrification (nM/day),iteration,Denit from NO2- (nM/day)
PS1Interface,PS1,0.3333333333333333,1.0724027958828064,Interface,,13.382516002664206,0.053247977533666814,0.4712334190999722,0.3333333333333333,0.3333333333333333,0.0,0,0.00846418333344792
